target_id,target_key,gene,uniprot,specified_pdb,specified_file_id,source_type,source_path,local_pdb,status,size_bytes
1,metz_001_CLK2,CLK2,P49760,6KHE,1 P49760_PDB_6KHE.ent,specified_download_partial,Datasets\Virtual screening\Metz_170_GPCNDTA\complete_filtered_remove_identity30_train_valid\structures_by_target\metz_001_CLK2\metz_001_clk2.pdb,Datasets\Virtual screening\Metz_170_GPCNDTA\metz_170_complete_filtered_remove_identity30_train_valid\HMRLBA_raw_style\metz_170_clean\pdb_files\metz_001_CLK2\metz_001_CLK2.pdb,copied,282771
2,metz_002_CSF1R,CSF1R,P07333,4R7I,2 P07333_PDB_4R7I.ent,specified_download_partial,Datasets\Virtual screening\Metz_170_GPCNDTA\complete_filtered_remove_identity30_train_valid\structures_by_target\metz_002_CSF1R\metz_002_csf1r.pdb,Datasets\Virtual screening\Metz_170_GPCNDTA\metz_170_complete_filtered_remove_identity30_train_valid\HMRLBA_raw_style\metz_170_clean\pdb_files\metz_002_CSF1R\metz_002_CSF1R.pdb,copied,422091
3,metz_003_LCK,LCK,P06239,1QPC,3 P06239_PDB_1QPC.ent,specified_download_partial,Datasets\Virtual screening\Metz_170_GPCNDTA\complete_filtered_remove_identity30_train_valid\structures_by_target\metz_003_LCK\metz_003_lck.pdb,Datasets\Virtual screening\Metz_170_GPCNDTA\metz_170_complete_filtered_remove_identity30_train_valid\HMRLBA_raw_style\metz_170_clean\pdb_files\metz_003_LCK\metz_003_LCK.pdb,copied,241218
4,metz_004_MAP2K2,MAP2K2,P36507,P36507_AF_v2,4 P36507_AF_v2.pdb,specified_download_partial,Datasets\Virtual screening\Metz_170_GPCNDTA\complete_filtered_remove_identity30_train_valid\structures_by_target\metz_004_MAP2K2\metz_004_map2k2.pdb,Datasets\Virtual screening\Metz_170_GPCNDTA\metz_170_complete_filtered_remove_identity30_train_valid\HMRLBA_raw_style\metz_170_clean\pdb_files\metz_004_MAP2K2\metz_004_MAP2K2.pdb,copied,259280
5,metz_005_MAPK9,MAPK9,P45984,7N8T,5 P45984_PDB_7N8T.ent,specified_download_partial,Datasets\Virtual screening\Metz_170_GPCNDTA\complete_filtered_remove_identity30_train_valid\structures_by_target\metz_005_MAPK9\metz_005_mapk9.pdb,Datasets\Virtual screening\Metz_170_GPCNDTA\metz_170_complete_filtered_remove_identity30_train_valid\HMRLBA_raw_style\metz_170_clean\pdb_files\metz_005_MAPK9\metz_005_MAPK9.pdb,copied,300672
6,metz_006_PDGFRA,PDGFRA,P16234,5GRN,6 P16234_PDB_5GRN.ent,specified_download_partial,Datasets\Virtual screening\Metz_170_GPCNDTA\complete_filtered_remove_identity30_train_valid\structures_by_target\metz_006_PDGFRA\metz_006_pdgfra.pdb,Datasets\Virtual screening\Metz_170_GPCNDTA\metz_170_complete_filtered_remove_identity30_train_valid\HMRLBA_raw_style\metz_170_clean\pdb_files\metz_006_PDGFRA\metz_006_PDGFRA.pdb,copied,259929
7,metz_007_PRKAA1,PRKAA1,Q13131,	6C9H,7 Q13131_PDB_6C9H.ent,specified_download_partial,Datasets\Virtual screening\Metz_170_GPCNDTA\complete_filtered_remove_identity30_train_valid\structures_by_target\metz_007_PRKAA1\metz_007_prkaa1.pdb,Datasets\Virtual screening\Metz_170_GPCNDTA\metz_170_complete_filtered_remove_identity30_train_valid\HMRLBA_raw_style\metz_170_clean\pdb_files\metz_007_PRKAA1\metz_007_PRKAA1.pdb,copied,1280934
8,metz_008_PRKACA,PRKACA,P17612,	3OVV,8 P17612_PDB_3OVV.ent,specified_download_partial,Datasets\Virtual screening\Metz_170_GPCNDTA\complete_filtered_remove_identity30_train_valid\structures_by_target\metz_008_PRKACA\metz_008_prkaca.pdb,Datasets\Virtual screening\Metz_170_GPCNDTA\metz_170_complete_filtered_remove_identity30_train_valid\HMRLBA_raw_style\metz_170_clean\pdb_files\metz_008_PRKACA\metz_008_PRKACA.pdb,copied,304884
9,metz_009_PRKX,PRKX,P51817,P51817_AF_v2,9 P51817_AF_v2.pdb,specified_download_partial,Datasets\Virtual screening\Metz_170_GPCNDTA\complete_filtered_remove_identity30_train_valid\structures_by_target\metz_009_PRKX\metz_009_prkx.pdb,Datasets\Virtual screening\Metz_170_GPCNDTA\metz_170_complete_filtered_remove_identity30_train_valid\HMRLBA_raw_style\metz_170_clean\pdb_files\metz_009_PRKX\metz_009_PRKX.pdb,copied,240731
10,metz_010_STK6,STK6,O14965,1MUO,10 O14965_PDB_1MUO.ent,specified_download_partial,Datasets\Virtual screening\Metz_170_GPCNDTA\complete_filtered_remove_identity30_train_valid\structures_by_target\metz_010_STK6\metz_010_stk6.pdb,Datasets\Virtual screening\Metz_170_GPCNDTA\metz_170_complete_filtered_remove_identity30_train_valid\HMRLBA_raw_style\metz_170_clean\pdb_files\metz_010_STK6\metz_010_STK6.pdb,copied,207360
11,metz_011_INSR,INSR,P06213,3BU3,11 P06213_PDB_3BU3.ent,specified_download_partial,Datasets\Virtual screening\Metz_170_GPCNDTA\complete_filtered_remove_identity30_train_valid\structures_by_target\metz_011_INSR\metz_011_insr.pdb,Datasets\Virtual screening\Metz_170_GPCNDTA\metz_170_complete_filtered_remove_identity30_train_valid\HMRLBA_raw_style\metz_170_clean\pdb_files\metz_011_INSR\metz_011_INSR.pdb,copied,258390
12,metz_012_PIM2,PIM2,Q9P1W9,Q9P1W9_AF_v2,12 Q9P1W9_AF_v2.pdb,specified_download_partial,Datasets\Virtual screening\Metz_170_GPCNDTA\complete_filtered_remove_identity30_train_valid\structures_by_target\metz_012_PIM2\metz_012_pim2.pdb,Datasets\Virtual screening\Metz_170_GPCNDTA\metz_170_complete_filtered_remove_identity30_train_valid\HMRLBA_raw_style\metz_170_clean\pdb_files\metz_012_PIM2\metz_012_PIM2.pdb,copied,201284
13,metz_013_MELK,MELK,Q14680,	4IXP,13 Q14680_PDB_4IXP.ent,specified_download_partial,Datasets\Virtual screening\Metz_170_GPCNDTA\complete_filtered_remove_identity30_train_valid\structures_by_target\metz_013_MELK\metz_013_melk.pdb,Datasets\Virtual screening\Metz_170_GPCNDTA\metz_170_complete_filtered_remove_identity30_train_valid\HMRLBA_raw_style\metz_170_clean\pdb_files\metz_013_MELK\metz_013_MELK.pdb,copied,474093
14,metz_014_CAMK2G,CAMK2G,Q13555,2V7O,14 Q13555_PDB_2V7O.ent,specified_download_partial,Datasets\Virtual screening\Metz_170_GPCNDTA\complete_filtered_remove_identity30_train_valid\structures_by_target\metz_014_CAMK2G\metz_014_camk2g.pdb,Datasets\Virtual screening\Metz_170_GPCNDTA\metz_170_complete_filtered_remove_identity30_train_valid\HMRLBA_raw_style\metz_170_clean\pdb_files\metz_014_CAMK2G\metz_014_CAMK2G.pdb,copied,256122
15,metz_015_CDC42BPA,CDC42BPA,Q5VT25,Q5VT25_AF_v2,15 Q5VT25_AF_v2.pdb,specified_download_partial,Datasets\Virtual screening\Metz_170_GPCNDTA\complete_filtered_remove_identity30_train_valid\structures_by_target\metz_015_CDC42BPA\metz_015_cdc42bpa.pdb,Datasets\Virtual screening\Metz_170_GPCNDTA\metz_170_complete_filtered_remove_identity30_train_valid\HMRLBA_raw_style\metz_170_clean\pdb_files\metz_015_CDC42BPA\metz_015_CDC42BPA.pdb,copied,1135538
16,metz_016_PHKG2,PHKG2,P15735,P15735_AF_v2,16 P15735_AF_v2.pdb,specified_download_partial,Datasets\Virtual screening\Metz_170_GPCNDTA\complete_filtered_remove_identity30_train_valid\structures_by_target\metz_016_PHKG2\metz_016_phkg2.pdb,Datasets\Virtual screening\Metz_170_GPCNDTA\metz_170_complete_filtered_remove_identity30_train_valid\HMRLBA_raw_style\metz_170_clean\pdb_files\metz_016_PHKG2\metz_016_PHKG2.pdb,copied,271430
17,metz_017_PKN2,PKN2,Q16513,4CRS,17 Q16513_PDB_4CRS.ent,specified_download_partial,Datasets\Virtual screening\Metz_170_GPCNDTA\complete_filtered_remove_identity30_train_valid\structures_by_target\metz_017_PKN2\metz_017_pkn2.pdb,Datasets\Virtual screening\Metz_170_GPCNDTA\metz_170_complete_filtered_remove_identity30_train_valid\HMRLBA_raw_style\metz_170_clean\pdb_files\metz_017_PKN2\metz_017_PKN2.pdb,copied,265923
18,metz_018_PRKCD,PRKCD,Q05655,Q05655_AF_v2,18 Q05655_AF_v2.pdb,specified_download_partial,Datasets\Virtual screening\Metz_170_GPCNDTA\complete_filtered_remove_identity30_train_valid\structures_by_target\metz_018_PRKCD\metz_018_prkcd.pdb,Datasets\Virtual screening\Metz_170_GPCNDTA\metz_170_complete_filtered_remove_identity30_train_valid\HMRLBA_raw_style\metz_170_clean\pdb_files\metz_018_PRKCD\metz_018_PRKCD.pdb,copied,449549
19,metz_019_PRKCG,PRKCG,P05129,P05129_AF_v2,19 P05129_AF_v2.pdb,specified_download_partial,Datasets\Virtual screening\Metz_170_GPCNDTA\complete_filtered_remove_identity30_train_valid\structures_by_target\metz_019_PRKCG\metz_019_prkcg.pdb,Datasets\Virtual screening\Metz_170_GPCNDTA\metz_170_complete_filtered_remove_identity30_train_valid\HMRLBA_raw_style\metz_170_clean\pdb_files\metz_019_PRKCG\metz_019_PRKCG.pdb,copied,455624
20,metz_020_PAK1,PAK1,Q13153,3Q52,20 Q13153_PDB_3Q52.ent,specified_download_partial,Datasets\Virtual screening\Metz_170_GPCNDTA\complete_filtered_remove_identity30_train_valid\structures_by_target\metz_020_PAK1\metz_020_pak1.pdb,Datasets\Virtual screening\Metz_170_GPCNDTA\metz_170_complete_filtered_remove_identity30_train_valid\HMRLBA_raw_style\metz_170_clean\pdb_files\metz_020_PAK1\metz_020_PAK1.pdb,copied,427518
21,metz_021_SRPK1,SRPK1,Q96SB4,5MXX,21 Q96SB4_PDB_5MXX.ent,specified_download_partial,Datasets\Virtual screening\Metz_170_GPCNDTA\complete_filtered_remove_identity30_train_valid\structures_by_target\metz_021_SRPK1\metz_021_srpk1.pdb,Datasets\Virtual screening\Metz_170_GPCNDTA\metz_170_complete_filtered_remove_identity30_train_valid\HMRLBA_raw_style\metz_170_clean\pdb_files\metz_021_SRPK1\metz_021_SRPK1.pdb,copied,325377
22,metz_022_FES,FES,P07332,3CBL,22 P07332_PDB_3CBL.ent,specified_download_partial,Datasets\Virtual screening\Metz_170_GPCNDTA\complete_filtered_remove_identity30_train_valid\structures_by_target\metz_022_FES\metz_022_fes.pdb,Datasets\Virtual screening\Metz_170_GPCNDTA\metz_170_complete_filtered_remove_identity30_train_valid\HMRLBA_raw_style\metz_170_clean\pdb_files\metz_022_FES\metz_022_FES.pdb,copied,321246
23,metz_023_FLT4,FLT4,P35916,P35916_AF_v2,23 P35916_AF_v2.pdb,specified_download_partial,Datasets\Virtual screening\Metz_170_GPCNDTA\complete_filtered_remove_identity30_train_valid\structures_by_target\metz_023_FLT4\metz_023_flt4.pdb,Datasets\Virtual screening\Metz_170_GPCNDTA\metz_170_complete_filtered_remove_identity30_train_valid\HMRLBA_raw_style\metz_170_clean\pdb_files\metz_023_FLT4\metz_023_FLT4.pdb,copied,882413
24,metz_024_PRKCZ,PRKCZ,Q05513,Q05513_AF_v2,24 Q05513_AF_v2.pdb,specified_download_partial,Datasets\Virtual screening\Metz_170_GPCNDTA\complete_filtered_remove_identity30_train_valid\structures_by_target\metz_024_PRKCZ\metz_024_prkcz.pdb,Datasets\Virtual screening\Metz_170_GPCNDTA\metz_170_complete_filtered_remove_identity30_train_valid\HMRLBA_raw_style\metz_170_clean\pdb_files\metz_024_PRKCZ\metz_024_PRKCZ.pdb,copied,392768
25,metz_025_TOPK,TOPK,Q96KB5,Q96KB5_AF_v2,25 Q96KB5_AF_v2.pdb,specified_download_partial,Datasets\Virtual screening\Metz_170_GPCNDTA\complete_filtered_remove_identity30_train_valid\structures_by_target\metz_025_TOPK\metz_025_topk.pdb,Datasets\Virtual screening\Metz_170_GPCNDTA\metz_170_complete_filtered_remove_identity30_train_valid\HMRLBA_raw_style\metz_170_clean\pdb_files\metz_025_TOPK\metz_025_TOPK.pdb,copied,211166
26,metz_026_DAPK3,DAPK3,O43293,	3BHY,26 O43293_PDB_3BHY.ent,specified_download_partial,Datasets\Virtual screening\Metz_170_GPCNDTA\complete_filtered_remove_identity30_train_valid\structures_by_target\metz_026_DAPK3\metz_026_dapk3.pdb,Datasets\Virtual screening\Metz_170_GPCNDTA\metz_170_complete_filtered_remove_identity30_train_valid\HMRLBA_raw_style\metz_170_clean\pdb_files\metz_026_DAPK3\metz_026_DAPK3.pdb,copied,438615
27,metz_027_DYRK1B,DYRK1B,Q9Y463,Q9Y463_AF_v2,27 Q9Y463_AF_v2.pdb,specified_download_partial,Datasets\Virtual screening\Metz_170_GPCNDTA\complete_filtered_remove_identity30_train_valid\structures_by_target\metz_027_DYRK1B\metz_027_dyrk1b.pdb,Datasets\Virtual screening\Metz_170_GPCNDTA\metz_170_complete_filtered_remove_identity30_train_valid\HMRLBA_raw_style\metz_170_clean\pdb_files\metz_027_DYRK1B\metz_027_DYRK1B.pdb,copied,402731
28,metz_028_JAK2,JAK2,O60674,7LL4,28 O60674_PDB_7LL4.ent,specified_download_partial,Datasets\Virtual screening\Metz_170_GPCNDTA\complete_filtered_remove_identity30_train_valid\structures_by_target\metz_028_JAK2\metz_028_jak2.pdb,Datasets\Virtual screening\Metz_170_GPCNDTA\metz_170_complete_filtered_remove_identity30_train_valid\HMRLBA_raw_style\metz_170_clean\pdb_files\metz_028_JAK2\metz_028_JAK2.pdb,copied,667035
29,metz_029_KDR,KDR,P35968,4ASE,29 P35968_PDB_4ASE.ent,specified_download_partial,Datasets\Virtual screening\Metz_170_GPCNDTA\complete_filtered_remove_identity30_train_valid\structures_by_target\metz_029_KDR\metz_029_kdr.pdb,Datasets\Virtual screening\Metz_170_GPCNDTA\metz_170_complete_filtered_remove_identity30_train_valid\HMRLBA_raw_style\metz_170_clean\pdb_files\metz_029_KDR\metz_029_KDR.pdb,copied,264060
30,metz_030_MST1R,MST1R,Q04912,4FWW,30 Q04912_PDB_4FWW.ent,specified_download_partial,Datasets\Virtual screening\Metz_170_GPCNDTA\complete_filtered_remove_identity30_train_valid\structures_by_target\metz_030_MST1R\metz_030_mst1r.pdb,Datasets\Virtual screening\Metz_170_GPCNDTA\metz_170_complete_filtered_remove_identity30_train_valid\HMRLBA_raw_style\metz_170_clean\pdb_files\metz_030_MST1R\metz_030_MST1R.pdb,copied,729000
31,metz_031_PAK4,PAK4,O96013,5UPL,31 O96013_PDB_5UPL.ent,specified_download_partial,Datasets\Virtual screening\Metz_170_GPCNDTA\complete_filtered_remove_identity30_train_valid\structures_by_target\metz_031_PAK4\metz_031_pak4.pdb,Datasets\Virtual screening\Metz_170_GPCNDTA\metz_170_complete_filtered_remove_identity30_train_valid\HMRLBA_raw_style\metz_170_clean\pdb_files\metz_031_PAK4\metz_031_PAK4.pdb,copied,348138
32,metz_032_CDC7,CDC7,O00311,4F9C,32 O00311_PDB_4F9C.ent,specified_download_partial,Datasets\Virtual screening\Metz_170_GPCNDTA\complete_filtered_remove_identity30_train_valid\structures_by_target\metz_032_CDC7\metz_032_cdc7.pdb,Datasets\Virtual screening\Metz_170_GPCNDTA\metz_170_complete_filtered_remove_identity30_train_valid\HMRLBA_raw_style\metz_170_clean\pdb_files\metz_032_CDC7\metz_032_CDC7.pdb,copied,315900
33,metz_033_MAP4K5,MAP4K5,Q9Y4K4,Q9Y4K4_AF_v2,33 Q9Y4K4_AF_v2.pdb,specified_download_partial,Datasets\Virtual screening\Metz_170_GPCNDTA\complete_filtered_remove_identity30_train_valid\structures_by_target\metz_033_MAP4K5\metz_033_map4k5.pdb,Datasets\Virtual screening\Metz_170_GPCNDTA\metz_170_complete_filtered_remove_identity30_train_valid\HMRLBA_raw_style\metz_170_clean\pdb_files\metz_033_MAP4K5\metz_033_MAP4K5.pdb,copied,550880
34,metz_034_ALK,ALK,Q9UM73,7NX4,34 Q9UM73_PDB_7NX4.ent,specified_download_partial,Datasets\Virtual screening\Metz_170_GPCNDTA\complete_filtered_remove_identity30_train_valid\structures_by_target\metz_034_ALK\metz_034_alk.pdb,Datasets\Virtual screening\Metz_170_GPCNDTA\metz_170_complete_filtered_remove_identity30_train_valid\HMRLBA_raw_style\metz_170_clean\pdb_files\metz_034_ALK\metz_034_ALK.pdb,copied,470529
35,metz_035_CDK9,CDK9,P50750,	3MI9,35 P50750_PDB_3MI9.ent,specified_download_partial,Datasets\Virtual screening\Metz_170_GPCNDTA\complete_filtered_remove_identity30_train_valid\structures_by_target\metz_035_CDK9\metz_035_cdk9.pdb,Datasets\Virtual screening\Metz_170_GPCNDTA\metz_170_complete_filtered_remove_identity30_train_valid\HMRLBA_raw_style\metz_170_clean\pdb_files\metz_035_CDK9\metz_035_CDK9.pdb,copied,488025
36,metz_036_GPRK5,GPRK5,P34947,4TND,36 P34947_PDB_4TND.ent,specified_download_partial,Datasets\Virtual screening\Metz_170_GPCNDTA\complete_filtered_remove_identity30_train_valid\structures_by_target\metz_036_GPRK5\metz_036_gprk5.pdb,Datasets\Virtual screening\Metz_170_GPCNDTA\metz_170_complete_filtered_remove_identity30_train_valid\HMRLBA_raw_style\metz_170_clean\pdb_files\metz_036_GPRK5\metz_036_GPRK5.pdb,copied,792909
37,metz_037_GSK3A,GSK3A,P49840,P49840_AF_v2,37 P49840_AF_v2.pdb,specified_download_partial,Datasets\Virtual screening\Metz_170_GPCNDTA\complete_filtered_remove_identity30_train_valid\structures_by_target\metz_037_GSK3A\metz_037_gsk3a.pdb,Datasets\Virtual screening\Metz_170_GPCNDTA\metz_170_complete_filtered_remove_identity30_train_valid\HMRLBA_raw_style\metz_170_clean\pdb_files\metz_037_GSK3A\metz_037_GSK3A.pdb,copied,297917
38,metz_038_GSK3B,GSK3B,P49841,6V6L,38 P49841_PDB_6V6L.ent,specified_download_partial,Datasets\Virtual screening\Metz_170_GPCNDTA\complete_filtered_remove_identity30_train_valid\structures_by_target\metz_038_GSK3B\metz_038_gsk3b.pdb,Datasets\Virtual screening\Metz_170_GPCNDTA\metz_170_complete_filtered_remove_identity30_train_valid\HMRLBA_raw_style\metz_170_clean\pdb_files\metz_038_GSK3B\metz_038_GSK3B.pdb,copied,537030
39,metz_039_ROCK1,ROCK1,Q13464,	7JOU,39 Q13464_PDB_7JOU.ent,specified_download_partial,Datasets\Virtual screening\Metz_170_GPCNDTA\complete_filtered_remove_identity30_train_valid\structures_by_target\metz_039_ROCK1\metz_039_rock1.pdb,Datasets\Virtual screening\Metz_170_GPCNDTA\metz_170_complete_filtered_remove_identity30_train_valid\HMRLBA_raw_style\metz_170_clean\pdb_files\metz_039_ROCK1\metz_039_ROCK1.pdb,copied,284634
40,metz_040_AKT3,AKT3,Q9Y243,Q9Y243_AF_v2,40 Q9Y243_AF_v2.pdb,specified_download_partial,Datasets\Virtual screening\Metz_170_GPCNDTA\complete_filtered_remove_identity30_train_valid\structures_by_target\metz_040_AKT3\metz_040_akt3.pdb,Datasets\Virtual screening\Metz_170_GPCNDTA\metz_170_complete_filtered_remove_identity30_train_valid\HMRLBA_raw_style\metz_170_clean\pdb_files\metz_040_AKT3\metz_040_AKT3.pdb,copied,324728
41,metz_041_CAMK2D,CAMK2D,Q13557,2WEL,41 Q13557_PDB_2WEL.ent,specified_download_partial,Datasets\Virtual screening\Metz_170_GPCNDTA\complete_filtered_remove_identity30_train_valid\structures_by_target\metz_041_CAMK2D\metz_041_camk2d.pdb,Datasets\Virtual screening\Metz_170_GPCNDTA\metz_170_complete_filtered_remove_identity30_train_valid\HMRLBA_raw_style\metz_170_clean\pdb_files\metz_041_CAMK2D\metz_041_CAMK2D.pdb,copied,401679
42,metz_042_CSNK1G2,CSNK1G2,P78368,P78368_AF_v2,42 P78368_AF_v2.pdb,specified_download_partial,Datasets\Virtual screening\Metz_170_GPCNDTA\complete_filtered_remove_identity30_train_valid\structures_by_target\metz_042_CSNK1G2\metz_042_csnk1g2.pdb,Datasets\Virtual screening\Metz_170_GPCNDTA\metz_170_complete_filtered_remove_identity30_train_valid\HMRLBA_raw_style\metz_170_clean\pdb_files\metz_042_CSNK1G2\metz_042_CSNK1G2.pdb,copied,277262
43,metz_043_KIAA1811,KIAA1811,Q8TDC3,Q8TDC3_AF_v2,43 Q8TDC3_AF_v2.pdb,specified_download_partial,Datasets\Virtual screening\Metz_170_GPCNDTA\complete_filtered_remove_identity30_train_valid\structures_by_target\metz_043_KIAA1811\metz_043_kiaa1811.pdb,Datasets\Virtual screening\Metz_170_GPCNDTA\metz_170_complete_filtered_remove_identity30_train_valid\HMRLBA_raw_style\metz_170_clean\pdb_files\metz_043_KIAA1811\metz_043_KIAA1811.pdb,copied,493856
44,metz_044_FRK,FRK,P42685,P42685_AF_v2,44 P42685_AF_v2.pdb,specified_download_partial,Datasets\Virtual screening\Metz_170_GPCNDTA\complete_filtered_remove_identity30_train_valid\structures_by_target\metz_044_FRK\metz_044_frk.pdb,Datasets\Virtual screening\Metz_170_GPCNDTA\metz_170_complete_filtered_remove_identity30_train_valid\HMRLBA_raw_style\metz_170_clean\pdb_files\metz_044_FRK\metz_044_FRK.pdb,copied,340037
45,metz_045_CSNK1D,CSNK1D,P48730,5IH5,45 P48730_PDB_5IH5.ent,specified_download_partial,Datasets\Virtual screening\Metz_170_GPCNDTA\complete_filtered_remove_identity30_train_valid\structures_by_target\metz_045_CSNK1D\metz_045_csnk1d.pdb,Datasets\Virtual screening\Metz_170_GPCNDTA\metz_170_complete_filtered_remove_identity30_train_valid\HMRLBA_raw_style\metz_170_clean\pdb_files\metz_045_CSNK1D\metz_045_CSNK1D.pdb,copied,442422
46,metz_046_MAPK12,MAPK12,P53778,P53778_AF_v2,46 P53778_AF_v2.pdb,specified_download_partial,Datasets\Virtual screening\Metz_170_GPCNDTA\complete_filtered_remove_identity30_train_valid\structures_by_target\metz_046_MAPK12\metz_046_mapk12.pdb,Datasets\Virtual screening\Metz_170_GPCNDTA\metz_170_complete_filtered_remove_identity30_train_valid\HMRLBA_raw_style\metz_170_clean\pdb_files\metz_046_MAPK12\metz_046_MAPK12.pdb,copied,245348
47,metz_047_CAMK1D,CAMK1D,Q8IU85,6QP5,47 Q8IU85_PDB_6QP5.ent,specified_download_partial,Datasets\Virtual screening\Metz_170_GPCNDTA\complete_filtered_remove_identity30_train_valid\structures_by_target\metz_047_CAMK1D\metz_047_camk1d.pdb,Datasets\Virtual screening\Metz_170_GPCNDTA\metz_170_complete_filtered_remove_identity30_train_valid\HMRLBA_raw_style\metz_170_clean\pdb_files\metz_047_CAMK1D\metz_047_CAMK1D.pdb,copied,228825
48,metz_048_CAMK2A,CAMK2A,Q9UQM7,3SOA,48 Q9UQM7_PDB_3SOA.ent,specified_download_partial,Datasets\Virtual screening\Metz_170_GPCNDTA\complete_filtered_remove_identity30_train_valid\structures_by_target\metz_048_CAMK2A\metz_048_camk2a.pdb,Datasets\Virtual screening\Metz_170_GPCNDTA\metz_170_complete_filtered_remove_identity30_train_valid\HMRLBA_raw_style\metz_170_clean\pdb_files\metz_048_CAMK2A\metz_048_CAMK2A.pdb,copied,620460
49,metz_049_FLT1,FLT1,P17948,3HNG,49 P17948_PDB_3HNG.ent,specified_download_partial,Datasets\Virtual screening\Metz_170_GPCNDTA\complete_filtered_remove_identity30_train_valid\structures_by_target\metz_049_FLT1\metz_049_flt1.pdb,Datasets\Virtual screening\Metz_170_GPCNDTA\metz_170_complete_filtered_remove_identity30_train_valid\HMRLBA_raw_style\metz_170_clean\pdb_files\metz_049_FLT1\metz_049_FLT1.pdb,copied,241056
50,metz_050_JAK3,JAK3,P52333,3LXL,50 P52333_PDB_3LXL.ent,specified_download_partial,Datasets\Virtual screening\Metz_170_GPCNDTA\complete_filtered_remove_identity30_train_valid\structures_by_target\metz_050_JAK3\metz_050_jak3.pdb,Datasets\Virtual screening\Metz_170_GPCNDTA\metz_170_complete_filtered_remove_identity30_train_valid\HMRLBA_raw_style\metz_170_clean\pdb_files\metz_050_JAK3\metz_050_JAK3.pdb,copied,246564
51,metz_051_NTRK2,NTRK2,Q16620,4ASZ,51 Q16620_PDB_4ASZ.ent,specified_download_partial,Datasets\Virtual screening\Metz_170_GPCNDTA\complete_filtered_remove_identity30_train_valid\structures_by_target\metz_051_NTRK2\metz_051_ntrk2.pdb,Datasets\Virtual screening\Metz_170_GPCNDTA\metz_170_complete_filtered_remove_identity30_train_valid\HMRLBA_raw_style\metz_170_clean\pdb_files\metz_051_NTRK2\metz_051_NTRK2.pdb,copied,257013
52,metz_052_TAO1,TAO1,Q7L7X3,Q7L7X3_AF_v2,52 Q7L7X3_AF_v2.pdb,specified_download_partial,Datasets\Virtual screening\Metz_170_GPCNDTA\complete_filtered_remove_identity30_train_valid\structures_by_target\metz_052_TAO1\metz_052_tao1.pdb,Datasets\Virtual screening\Metz_170_GPCNDTA\metz_170_complete_filtered_remove_identity30_train_valid\HMRLBA_raw_style\metz_170_clean\pdb_files\metz_052_TAO1\metz_052_TAO1.pdb,copied,669545
53,metz_053_ROCK2,ROCK2,O75116,O75116_AF_v2,53 O75116_AF_v2.pdb,specified_download_partial,Datasets\Virtual screening\Metz_170_GPCNDTA\complete_filtered_remove_identity30_train_valid\structures_by_target\metz_053_ROCK2\metz_053_rock2.pdb,Datasets\Virtual screening\Metz_170_GPCNDTA\metz_170_complete_filtered_remove_identity30_train_valid\HMRLBA_raw_style\metz_170_clean\pdb_files\metz_053_ROCK2\metz_053_ROCK2.pdb,copied,926153
54,metz_054_CSNK1G3,CSNK1G3,Q9Y6M4,2IZR,54 Q9Y6M4_PDB_2IZR.ent,specified_download_partial,Datasets\Virtual screening\Metz_170_GPCNDTA\complete_filtered_remove_identity30_train_valid\structures_by_target\metz_054_CSNK1G3\metz_054_csnk1g3.pdb,Datasets\Virtual screening\Metz_170_GPCNDTA\metz_170_complete_filtered_remove_identity30_train_valid\HMRLBA_raw_style\metz_170_clean\pdb_files\metz_054_CSNK1G3\metz_054_CSNK1G3.pdb,copied,541323
55,metz_055_MKNK2,MKNK2,Q9HBH9,2AC3,55 Q9HBH9_PDB_2AC3.ent,specified_download_partial,Datasets\Virtual screening\Metz_170_GPCNDTA\complete_filtered_remove_identity30_train_valid\structures_by_target\metz_055_MKNK2\metz_055_mknk2.pdb,Datasets\Virtual screening\Metz_170_GPCNDTA\metz_170_complete_filtered_remove_identity30_train_valid\HMRLBA_raw_style\metz_170_clean\pdb_files\metz_055_MKNK2\metz_055_MKNK2.pdb,copied,233604
56,metz_056_RPS6KA5,RPS6KA5,O75582,1VZO,56 O75582_PDB_1VZO.ent,specified_download_partial,Datasets\Virtual screening\Metz_170_GPCNDTA\complete_filtered_remove_identity30_train_valid\structures_by_target\metz_056_RPS6KA5\metz_056_rps6ka5.pdb,Datasets\Virtual screening\Metz_170_GPCNDTA\metz_170_complete_filtered_remove_identity30_train_valid\HMRLBA_raw_style\metz_170_clean\pdb_files\metz_056_RPS6KA5\metz_056_RPS6KA5.pdb,copied,265194
57,metz_057_CAMK2B,CAMK2B,Q13554,Q13554_AF_v2,57 Q13554_AF_v2.pdb,specified_download_partial,Datasets\Virtual screening\Metz_170_GPCNDTA\complete_filtered_remove_identity30_train_valid\structures_by_target\metz_057_CAMK2B\metz_057_camk2b.pdb,Datasets\Virtual screening\Metz_170_GPCNDTA\metz_170_complete_filtered_remove_identity30_train_valid\HMRLBA_raw_style\metz_170_clean\pdb_files\metz_057_CAMK2B\metz_057_CAMK2B.pdb,copied,422252
58,metz_058_ERBB4,ERBB4,Q15303,3U2P,58 Q15303_PDB_3U2P.ent,specified_download_partial,Datasets\Virtual screening\Metz_170_GPCNDTA\complete_filtered_remove_identity30_train_valid\structures_by_target\metz_058_ERBB4\metz_058_erbb4.pdb,Datasets\Virtual screening\Metz_170_GPCNDTA\metz_170_complete_filtered_remove_identity30_train_valid\HMRLBA_raw_style\metz_170_clean\pdb_files\metz_058_ERBB4\metz_058_ERBB4.pdb,copied,664848
59,metz_059_MAP4K2,MAP4K2,Q12851,Q12851_AF_v2,59 Q12851_AF_v2.pdb,specified_download_partial,Datasets\Virtual screening\Metz_170_GPCNDTA\complete_filtered_remove_identity30_train_valid\structures_by_target\metz_059_MAP4K2\metz_059_map4k2.pdb,Datasets\Virtual screening\Metz_170_GPCNDTA\metz_170_complete_filtered_remove_identity30_train_valid\HMRLBA_raw_style\metz_170_clean\pdb_files\metz_059_MAP4K2\metz_059_MAP4K2.pdb,copied,531278
60,metz_060_BLK,BLK,P51451,P51451_AF_v2,60 P51451_AF_v2.pdb,specified_download_partial,Datasets\Virtual screening\Metz_170_GPCNDTA\complete_filtered_remove_identity30_train_valid\structures_by_target\metz_060_BLK\metz_060_blk.pdb,Datasets\Virtual screening\Metz_170_GPCNDTA\metz_170_complete_filtered_remove_identity30_train_valid\HMRLBA_raw_style\metz_170_clean\pdb_files\metz_060_BLK\metz_060_BLK.pdb,copied,336149
61,metz_061_MINK,MINK,Q8N4C8,Q8N4C8_AF_v2,61 Q8N4C8_AF_v2.pdb,specified_download_partial,Datasets\Virtual screening\Metz_170_GPCNDTA\complete_filtered_remove_identity30_train_valid\structures_by_target\metz_061_MINK\metz_061_mink.pdb,Datasets\Virtual screening\Metz_170_GPCNDTA\metz_170_complete_filtered_remove_identity30_train_valid\HMRLBA_raw_style\metz_170_clean\pdb_files\metz_061_MINK\metz_061_MINK.pdb,copied,866294
62,metz_062_DCAMKL1,DCAMKL1,O15075,O15075_AF_v2,62 O15075_AF_v2.pdb,specified_download_partial,Datasets\Virtual screening\Metz_170_GPCNDTA\complete_filtered_remove_identity30_train_valid\structures_by_target\metz_062_DCAMKL1\metz_062_dcamkl1.pdb,Datasets\Virtual screening\Metz_170_GPCNDTA\metz_170_complete_filtered_remove_identity30_train_valid\HMRLBA_raw_style\metz_170_clean\pdb_files\metz_062_DCAMKL1\metz_062_DCAMKL1.pdb,copied,477008
63,metz_063_LYN,LYN,P07948,5XY1,63 P07948_PDB_5XY1.ent,specified_download_partial,Datasets\Virtual screening\Metz_170_GPCNDTA\complete_filtered_remove_identity30_train_valid\structures_by_target\metz_063_LYN\metz_063_lyn.pdb,Datasets\Virtual screening\Metz_170_GPCNDTA\metz_170_complete_filtered_remove_identity30_train_valid\HMRLBA_raw_style\metz_170_clean\pdb_files\metz_063_LYN\metz_063_LYN.pdb,copied,203391
64,metz_064_CHEK1,CHEK1,O14757,2QHN,64 O14757_PDB_2QHN.ent,specified_download_partial,Datasets\Virtual screening\Metz_170_GPCNDTA\complete_filtered_remove_identity30_train_valid\structures_by_target\metz_064_CHEK1\metz_064_chek1.pdb,Datasets\Virtual screening\Metz_170_GPCNDTA\metz_170_complete_filtered_remove_identity30_train_valid\HMRLBA_raw_style\metz_170_clean\pdb_files\metz_064_CHEK1\metz_064_CHEK1.pdb,copied,233847
65,metz_065_FYN,FYN,P06241,P06241_AF_v2,65 P06241_AF_v2.pdb,specified_download_partial,Datasets\Virtual screening\Metz_170_GPCNDTA\complete_filtered_remove_identity30_train_valid\structures_by_target\metz_065_FYN\metz_065_fyn.pdb,Datasets\Virtual screening\Metz_170_GPCNDTA\metz_170_complete_filtered_remove_identity30_train_valid\HMRLBA_raw_style\metz_170_clean\pdb_files\metz_065_FYN\metz_065_FYN.pdb,copied,353969
66,metz_066_RPS6KA3,RPS6KA3,P51812,	4D9U,66 P51812_PDB_4D9U.ent,specified_download_partial,Datasets\Virtual screening\Metz_170_GPCNDTA\complete_filtered_remove_identity30_train_valid\structures_by_target\metz_066_RPS6KA3\metz_066_rps6ka3.pdb,Datasets\Virtual screening\Metz_170_GPCNDTA\metz_170_complete_filtered_remove_identity30_train_valid\HMRLBA_raw_style\metz_170_clean\pdb_files\metz_066_RPS6KA3\metz_066_RPS6KA3.pdb,copied,444771
67,metz_067_PDPK1,PDPK1,O15530,3QD0,67 O15530_PDB_3QD0.ent,specified_download_partial,Datasets\Virtual screening\Metz_170_GPCNDTA\complete_filtered_remove_identity30_train_valid\structures_by_target\metz_067_PDPK1\metz_067_pdpk1.pdb,Datasets\Virtual screening\Metz_170_GPCNDTA\metz_170_complete_filtered_remove_identity30_train_valid\HMRLBA_raw_style\metz_170_clean\pdb_files\metz_067_PDPK1\metz_067_PDPK1.pdb,copied,241623
68,metz_068_STK22D,STK22D,Q9BXA7,Q9BXA7_AF_v2,68 Q9BXA7_AF_v2.pdb,specified_download_partial,Datasets\Virtual screening\Metz_170_GPCNDTA\complete_filtered_remove_identity30_train_valid\structures_by_target\metz_068_STK22D\metz_068_stk22d.pdb,Datasets\Virtual screening\Metz_170_GPCNDTA\metz_170_complete_filtered_remove_identity30_train_valid\HMRLBA_raw_style\metz_170_clean\pdb_files\metz_068_STK22D\metz_068_STK22D.pdb,copied,242756
69,metz_069_DYRK4,DYRK4,Q9NR20,Q9NR20_AF_v2,69 Q9NR20_AF_v2.pdb,specified_download_partial,Datasets\Virtual screening\Metz_170_GPCNDTA\complete_filtered_remove_identity30_train_valid\structures_by_target\metz_069_DYRK4\metz_069_dyrk4.pdb,Datasets\Virtual screening\Metz_170_GPCNDTA\metz_170_complete_filtered_remove_identity30_train_valid\HMRLBA_raw_style\metz_170_clean\pdb_files\metz_069_DYRK4\metz_069_DYRK4.pdb,copied,347408
70,metz_070_FGFR1,FGFR1,P11362,3GQI,70 P11362_PDB_3GQI.ent,specified_download_partial,Datasets\Virtual screening\Metz_170_GPCNDTA\complete_filtered_remove_identity30_train_valid\structures_by_target\metz_070_FGFR1\metz_070_fgfr1.pdb,Datasets\Virtual screening\Metz_170_GPCNDTA\metz_170_complete_filtered_remove_identity30_train_valid\HMRLBA_raw_style\metz_170_clean\pdb_files\metz_070_FGFR1\metz_070_FGFR1.pdb,copied,408969
71,metz_071_NTRK3,NTRK3,Q16288,6KZD,71 Q16288_PDB_6KZD.ent,specified_download_partial,Datasets\Virtual screening\Metz_170_GPCNDTA\complete_filtered_remove_identity30_train_valid\structures_by_target\metz_071_NTRK3\metz_071_ntrk3.pdb,Datasets\Virtual screening\Metz_170_GPCNDTA\metz_170_complete_filtered_remove_identity30_train_valid\HMRLBA_raw_style\metz_170_clean\pdb_files\metz_071_NTRK3\metz_071_NTRK3.pdb,copied,444366
72,metz_072_EGFR,EGFR,P00533,1XKK,72 P00533_PDB_1XKK.ent,specified_download_partial,Datasets\Virtual screening\Metz_170_GPCNDTA\complete_filtered_remove_identity30_train_valid\structures_by_target\metz_072_EGFR\metz_072_egfr.pdb,Datasets\Virtual screening\Metz_170_GPCNDTA\metz_170_complete_filtered_remove_identity30_train_valid\HMRLBA_raw_style\metz_170_clean\pdb_files\metz_072_EGFR\metz_072_EGFR.pdb,copied,236196
73,metz_073_MARK3,MARK3,P27448,P27448_AF_v2,73 P27448_AF_v2.pdb,specified_download_partial,Datasets\Virtual screening\Metz_170_GPCNDTA\complete_filtered_remove_identity30_train_valid\structures_by_target\metz_073_MARK3\metz_073_mark3.pdb,Datasets\Virtual screening\Metz_170_GPCNDTA\metz_170_complete_filtered_remove_identity30_train_valid\HMRLBA_raw_style\metz_170_clean\pdb_files\metz_073_MARK3\metz_073_MARK3.pdb,copied,488753
74,metz_074_HIPK2,HIPK2,Q9H2X6,6P5S,74 Q9H2X6_PDB_6P5S.ent,specified_download_partial,Datasets\Virtual screening\Metz_170_GPCNDTA\complete_filtered_remove_identity30_train_valid\structures_by_target\metz_074_HIPK2\metz_074_hipk2.pdb,Datasets\Virtual screening\Metz_170_GPCNDTA\metz_170_complete_filtered_remove_identity30_train_valid\HMRLBA_raw_style\metz_170_clean\pdb_files\metz_074_HIPK2\metz_074_HIPK2.pdb,copied,479925
75,metz_075_DYRK3,DYRK3,O43781,5Y86,75 O43781_PDB_5Y86.ent,specified_download_partial,Datasets\Virtual screening\Metz_170_GPCNDTA\complete_filtered_remove_identity30_train_valid\structures_by_target\metz_075_DYRK3\metz_075_dyrk3.pdb,Datasets\Virtual screening\Metz_170_GPCNDTA\metz_170_complete_filtered_remove_identity30_train_valid\HMRLBA_raw_style\metz_170_clean\pdb_files\metz_075_DYRK3\metz_075_DYRK3.pdb,copied,367335
76,metz_076_FER,FER,P16591,P16591_AF_v2,76 P16591_AF_v2.pdb,specified_download_partial,Datasets\Virtual screening\Metz_170_GPCNDTA\complete_filtered_remove_identity30_train_valid\structures_by_target\metz_076_FER\metz_076_fer.pdb,Datasets\Virtual screening\Metz_170_GPCNDTA\metz_170_complete_filtered_remove_identity30_train_valid\HMRLBA_raw_style\metz_170_clean\pdb_files\metz_076_FER\metz_076_FER.pdb,copied,546749
77,metz_077_MAPKAPK3,MAPKAPK3,Q16644,3FHR,77 Q16644_PDB_3FHR.ent,specified_download_partial,Datasets\Virtual screening\Metz_170_GPCNDTA\complete_filtered_remove_identity30_train_valid\structures_by_target\metz_077_MAPKAPK3\metz_077_mapkapk3.pdb,Datasets\Virtual screening\Metz_170_GPCNDTA\metz_170_complete_filtered_remove_identity30_train_valid\HMRLBA_raw_style\metz_170_clean\pdb_files\metz_077_MAPKAPK3\metz_077_MAPKAPK3.pdb,copied,232713
78,metz_078_BTK,BTK,Q06187,6VXQ,78 Q06187_PDB_6VXQ.ent,specified_download_partial,Datasets\Virtual screening\Metz_170_GPCNDTA\complete_filtered_remove_identity30_train_valid\structures_by_target\metz_078_BTK\metz_078_btk.pdb,Datasets\Virtual screening\Metz_170_GPCNDTA\metz_170_complete_filtered_remove_identity30_train_valid\HMRLBA_raw_style\metz_170_clean\pdb_files\metz_078_BTK\metz_078_BTK.pdb,copied,402975
79,metz_079_CSNK1A1,CSNK1A1,P48729,6GZD,79 P48729_PDB_6GZD.ent,specified_download_partial,Datasets\Virtual screening\Metz_170_GPCNDTA\complete_filtered_remove_identity30_train_valid\structures_by_target\metz_079_CSNK1A1\metz_079_csnk1a1.pdb,Datasets\Virtual screening\Metz_170_GPCNDTA\metz_170_complete_filtered_remove_identity30_train_valid\HMRLBA_raw_style\metz_170_clean\pdb_files\metz_079_CSNK1A1\metz_079_CSNK1A1.pdb,copied,296946
80,metz_080_MAP4K4,MAP4K4,G5E948,G5E948_AF_v2,80 G5E948_AF_v2.pdb,specified_download_partial,Datasets\Virtual screening\Metz_170_GPCNDTA\complete_filtered_remove_identity30_train_valid\structures_by_target\metz_080_MAP4K4\metz_080_map4k4.pdb,Datasets\Virtual screening\Metz_170_GPCNDTA\metz_170_complete_filtered_remove_identity30_train_valid\HMRLBA_raw_style\metz_170_clean\pdb_files\metz_080_MAP4K4\metz_080_MAP4K4.pdb,copied,816074
81,metz_081_NTRK1,NTRK1,P04629,5H3Q,81 P04629_PDB_5H3Q.ent,specified_download_partial,Datasets\Virtual screening\Metz_170_GPCNDTA\complete_filtered_remove_identity30_train_valid\structures_by_target\metz_081_NTRK1\metz_081_ntrk1.pdb,Datasets\Virtual screening\Metz_170_GPCNDTA\metz_170_complete_filtered_remove_identity30_train_valid\HMRLBA_raw_style\metz_170_clean\pdb_files\metz_081_NTRK1\metz_081_NTRK1.pdb,copied,252963
82,metz_082_PLK1,PLK1,P53350,2OWB,82 P53350_PDB_2OWB.ent,specified_download_partial,Datasets\Virtual screening\Metz_170_GPCNDTA\complete_filtered_remove_identity30_train_valid\structures_by_target\metz_082_PLK1\metz_082_plk1.pdb,Datasets\Virtual screening\Metz_170_GPCNDTA\metz_170_complete_filtered_remove_identity30_train_valid\HMRLBA_raw_style\metz_170_clean\pdb_files\metz_082_PLK1\metz_082_PLK1.pdb,copied,260901
83,metz_083_SGK,SGK,O00141,2R5T,83 O00141_PDB_2R5T.ent,specified_download_partial,Datasets\Virtual screening\Metz_170_GPCNDTA\complete_filtered_remove_identity30_train_valid\structures_by_target\metz_083_SGK\metz_083_sgk.pdb,Datasets\Virtual screening\Metz_170_GPCNDTA\metz_170_complete_filtered_remove_identity30_train_valid\HMRLBA_raw_style\metz_170_clean\pdb_files\metz_083_SGK\metz_083_SGK.pdb,copied,458136
84,metz_084_MAPK1,MAPK1,P28482,6SLG,84 P28482_PDB_6SLG.ent,specified_download_partial,Datasets\Virtual screening\Metz_170_GPCNDTA\complete_filtered_remove_identity30_train_valid\structures_by_target\metz_084_MAPK1\metz_084_mapk1.pdb,Datasets\Virtual screening\Metz_170_GPCNDTA\metz_170_complete_filtered_remove_identity30_train_valid\HMRLBA_raw_style\metz_170_clean\pdb_files\metz_084_MAPK1\metz_084_MAPK1.pdb,copied,500823
85,metz_085_RPS6KB1,RPS6KB1,P23443,3WF7,85 P23443_PDB_3WF7.ent,specified_download_partial,Datasets\Virtual screening\Metz_170_GPCNDTA\complete_filtered_remove_identity30_train_valid\structures_by_target\metz_085_RPS6KB1\metz_085_rps6kb1.pdb,Datasets\Virtual screening\Metz_170_GPCNDTA\metz_170_complete_filtered_remove_identity30_train_valid\HMRLBA_raw_style\metz_170_clean\pdb_files\metz_085_RPS6KB1\metz_085_RPS6KB1.pdb,copied,441531
86,metz_086_IGF1R,IGF1R,P08069,2OJ9,86 P08069_PDB_2OJ9.ent,specified_download_partial,Datasets\Virtual screening\Metz_170_GPCNDTA\complete_filtered_remove_identity30_train_valid\structures_by_target\metz_086_IGF1R\metz_086_igf1r.pdb,Datasets\Virtual screening\Metz_170_GPCNDTA\metz_170_complete_filtered_remove_identity30_train_valid\HMRLBA_raw_style\metz_170_clean\pdb_files\metz_086_IGF1R\metz_086_IGF1R.pdb,copied,244215
87,metz_087_PRKCN,PRKCN,O94806,O94806_AF_v2,87 O94806_AF_v2.pdb,specified_download_partial,Datasets\Virtual screening\Metz_170_GPCNDTA\complete_filtered_remove_identity30_train_valid\structures_by_target\metz_087_PRKCN\metz_087_prkcn.pdb,Datasets\Virtual screening\Metz_170_GPCNDTA\metz_170_complete_filtered_remove_identity30_train_valid\HMRLBA_raw_style\metz_170_clean\pdb_files\metz_087_PRKCN\metz_087_PRKCN.pdb,copied,580607
88,metz_088_CLK4,CLK4,Q9HAZ1,Q9HAZ1_AF_v2,88 Q9HAZ1_AF_v2.pdb,specified_download_partial,Datasets\Virtual screening\Metz_170_GPCNDTA\complete_filtered_remove_identity30_train_valid\structures_by_target\metz_088_CLK4\metz_088_clk4.pdb,Datasets\Virtual screening\Metz_170_GPCNDTA\metz_170_complete_filtered_remove_identity30_train_valid\HMRLBA_raw_style\metz_170_clean\pdb_files\metz_088_CLK4\metz_088_CLK4.pdb,copied,334610
89,metz_089_CDK7,CDK7,P50613,P50613_AF_v2,89 P50613_AF_v2.pdb,previous_auto_candidate,Datasets\structure_audit\structures_auto\Metz\CDK7\8P79.pdb,Datasets\Virtual screening\Metz_170_GPCNDTA\metz_170_complete_filtered_remove_identity30_train_valid\HMRLBA_raw_style\metz_170_clean\pdb_files\metz_089_CDK7\metz_089_CDK7.pdb,copied,463482
90,metz_090_LTK,LTK,P29376,7NX1,90 P29376_PDB_7NX1.ent,previous_auto_candidate,Datasets\structure_audit\structures_auto\Metz\LTK\7NX1.pdb,Datasets\Virtual screening\Metz_170_GPCNDTA\metz_170_complete_filtered_remove_identity30_train_valid\HMRLBA_raw_style\metz_170_clean\pdb_files\metz_090_LTK\metz_090_LTK.pdb,copied,550071
91,metz_091_MAP2K1,MAP2K1,Q02750,3EQC,91 Q02750_PDB_3EQC.ent,previous_auto_candidate,Datasets\structure_audit\structures_auto\Metz\MAP2K1\7B7R.pdb,Datasets\Virtual screening\Metz_170_GPCNDTA\metz_170_complete_filtered_remove_identity30_train_valid\HMRLBA_raw_style\metz_170_clean\pdb_files\metz_091_MAP2K1\metz_091_MAP2K1.pdb,copied,870912
92,metz_092_PIM1,PIM1,P11309 ,5N4V,92 P11309_PDB_5N4V.ent,previous_auto_candidate,Datasets\structure_audit\structures_auto\Metz\PIM1\3A99.pdb,Datasets\Virtual screening\Metz_170_GPCNDTA\metz_170_complete_filtered_remove_identity30_train_valid\HMRLBA_raw_style\metz_170_clean\pdb_files\metz_092_PIM1\metz_092_PIM1.pdb,copied,245997
93,metz_093_PRKCQ,PRKCQ,Q04759,1XJD,93 Q04759_PDB_1XJD.ent,previous_auto_candidate,Datasets\structure_audit\structures_auto\Metz\PRKCQ\1XJD.pdb,Datasets\Virtual screening\Metz_170_GPCNDTA\metz_170_complete_filtered_remove_identity30_train_valid\HMRLBA_raw_style\metz_170_clean\pdb_files\metz_093_PRKCQ\metz_093_PRKCQ.pdb,copied,244782
94,metz_094_TBK1,TBK1,Q9UHD2,4IM0,94 Q9UHD2_PDB_4IM0.ent,previous_auto_candidate,Datasets\structure_audit\structures_auto\Metz\TBK1\5EP6.pdb,Datasets\Virtual screening\Metz_170_GPCNDTA\metz_170_complete_filtered_remove_identity30_train_valid\HMRLBA_raw_style\metz_170_clean\pdb_files\metz_094_TBK1\metz_094_TBK1.pdb,copied,295812
95,metz_095_TYK2,TYK2,P29597,4OLI,95 P29597_PDB_4OLI.ent,previous_auto_candidate,Datasets\structure_audit\structures_auto\Metz\TYK2\3LXP.pdb,Datasets\Virtual screening\Metz_170_GPCNDTA\metz_170_complete_filtered_remove_identity30_train_valid\HMRLBA_raw_style\metz_170_clean\pdb_files\metz_095_TYK2\metz_095_TYK2.pdb,copied,244215
96,metz_096_CDK2,CDK2,P24941,	6Q4H,96 P24941_PDB_6Q4H.ent,previous_auto_candidate,Datasets\structure_audit\structures_auto\Metz\CDK2\6Q4G.pdb,Datasets\Virtual screening\Metz_170_GPCNDTA\metz_170_complete_filtered_remove_identity30_train_valid\HMRLBA_raw_style\metz_170_clean\pdb_files\metz_096_CDK2\metz_096_CDK2.pdb,copied,452304
97,metz_097_IRAK4,IRAK4,Q9NWZ3,Q9NWZ3_AF_v2,97 Q9NWZ3_AF_v2.pdb,previous_auto_candidate,Datasets\structure_audit\structures_auto\Metz\IRAK4\6EGE.pdb,Datasets\Virtual screening\Metz_170_GPCNDTA\metz_170_complete_filtered_remove_identity30_train_valid\HMRLBA_raw_style\metz_170_clean\pdb_files\metz_097_IRAK4\metz_097_IRAK4.pdb,copied,1200258
98,metz_098_DYRK1A,DYRK1A,Q13627,6S14,98 Q13627_PDB_6S14.ent,previous_auto_candidate,Datasets\structure_audit\structures_auto\Metz\DYRK1A\6S14.pdb,Datasets\Virtual screening\Metz_170_GPCNDTA\metz_170_complete_filtered_remove_identity30_train_valid\HMRLBA_raw_style\metz_170_clean\pdb_files\metz_098_DYRK1A\metz_098_DYRK1A.pdb,copied,780030
99,metz_099_STK3,STK3,Q13188,6AO5,99 Q13188_PDB_6AO5.ent,previous_auto_candidate,Datasets\structure_audit\structures_auto\Metz\STK3\3A7I.pdb,Datasets\Virtual screening\Metz_170_GPCNDTA\metz_170_complete_filtered_remove_identity30_train_valid\HMRLBA_raw_style\metz_170_clean\pdb_files\metz_099_STK3\metz_099_STK3.pdb,copied,256041
100,metz_100_PRKD2,PRKD2,Q9BZL6,Q9BZL6_AF_v2,100 Q9BZL6_AF_v2.pdb,previous_auto_candidate,Datasets\structure_audit\structures_auto\Metz\PRKD2\3BGM.pdb,Datasets\Virtual screening\Metz_170_GPCNDTA\metz_170_complete_filtered_remove_identity30_train_valid\HMRLBA_raw_style\metz_170_clean\pdb_files\metz_100_PRKD2\metz_100_PRKD2.pdb,copied,332019
101,metz_101_SLK,SLK,Q9H2G2 ,6HVD,101 Q9H2G2_PDB_6HVD.ent,previous_auto_candidate,Datasets\structure_audit\structures_auto\Metz\SLK\6HVD.pdb,Datasets\Virtual screening\Metz_170_GPCNDTA\metz_170_complete_filtered_remove_identity30_train_valid\HMRLBA_raw_style\metz_170_clean\pdb_files\metz_101_SLK\metz_101_SLK.pdb,copied,613656
102,metz_102_PRKG2,PRKG2,Q13237 ,Q13237_AF_v2,102 Q13237_AF_v2.pdb,previous_auto_candidate,Datasets\structure_audit\structures_auto\Metz\PRKG2\5JIX.pdb,Datasets\Virtual screening\Metz_170_GPCNDTA\metz_170_complete_filtered_remove_identity30_train_valid\HMRLBA_raw_style\metz_170_clean\pdb_files\metz_102_PRKG2\metz_102_PRKG2.pdb,copied,368388
103,metz_103_CHEK2,CHEK2,O96017 ,	2YCF,103 O96017_PDB_2YCF.ent,previous_auto_candidate,Datasets\structure_audit\structures_auto\Metz\CHEK2\3VA4.pdb,Datasets\Virtual screening\Metz_170_GPCNDTA\metz_170_complete_filtered_remove_identity30_train_valid\HMRLBA_raw_style\metz_170_clean\pdb_files\metz_103_CHEK2\metz_103_CHEK2.pdb,copied,361341
104,metz_104_PRKCI,PRKCI,Q5R4K9 ,Q5R4K9_AF_v2,104 Q5R4K9_AF_v2.pdb,previous_auto_candidate,Datasets\structure_audit\structures_auto\Metz\PRKCI\1WMH.pdb,Datasets\Virtual screening\Metz_170_GPCNDTA\metz_170_complete_filtered_remove_identity30_train_valid\HMRLBA_raw_style\metz_170_clean\pdb_files\metz_104_PRKCI\metz_104_PRKCI.pdb,copied,154143
105,metz_105_PRKG1,PRKG1,Q13976,	6C0T,105 Q13976_PDB_6C0T.ent,previous_auto_candidate,Datasets\structure_audit\structures_auto\Metz\PRKG1\7MBJ.pdb,Datasets\Virtual screening\Metz_170_GPCNDTA\metz_170_complete_filtered_remove_identity30_train_valid\HMRLBA_raw_style\metz_170_clean\pdb_files\metz_105_PRKG1\metz_105_PRKG1.pdb,copied,423225
106,metz_106_NEK2,NEK2,P51955,P51955_AF_v2,106 P51955_AF_v2.pdb,previous_auto_candidate,Datasets\structure_audit\structures_auto\Metz\NEK2\2W5A.pdb,Datasets\Virtual screening\Metz_170_GPCNDTA\metz_170_complete_filtered_remove_identity30_train_valid\HMRLBA_raw_style\metz_170_clean\pdb_files\metz_106_NEK2\metz_106_NEK2.pdb,copied,455382
107,metz_107_CDC2,CDC2,P06493,6GU2,107 P06493_PDB_6GU2.ent,previous_auto_candidate,Datasets\structure_audit\structures_auto\Metz\CDC2\6GU2.pdb,Datasets\Virtual screening\Metz_170_GPCNDTA\metz_170_complete_filtered_remove_identity30_train_valid\HMRLBA_raw_style\metz_170_clean\pdb_files\metz_107_CDC2\metz_107_CDC2.pdb,copied,479925
108,metz_108_CDK8,CDK8,P49336,4F6U,108 P49336_PDB_4F6U.ent,previous_auto_candidate,Datasets\structure_audit\structures_auto\Metz\CDK8\5XS2.pdb,Datasets\Virtual screening\Metz_170_GPCNDTA\metz_170_complete_filtered_remove_identity30_train_valid\HMRLBA_raw_style\metz_170_clean\pdb_files\metz_108_CDK8\metz_108_CDK8.pdb,copied,480816
109,metz_109_MAPK8,MAPK8,P45983,2XRW,109 P45983_PDB_2XRW.ent,previous_auto_candidate,Datasets\structure_audit\structures_auto\Metz\MAPK8\2XRW.pdb,Datasets\Virtual screening\Metz_170_GPCNDTA\metz_170_complete_filtered_remove_identity30_train_valid\HMRLBA_raw_style\metz_170_clean\pdb_files\metz_109_MAPK8\metz_109_MAPK8.pdb,copied,576558
110,metz_110_FLT3,FLT3,P36888,	1RJB,110 P36888_PDB_1RJB.ent,previous_auto_candidate,Datasets\structure_audit\structures_auto\Metz\FLT3\1RJB.pdb,Datasets\Virtual screening\Metz_170_GPCNDTA\metz_170_complete_filtered_remove_identity30_train_valid\HMRLBA_raw_style\metz_170_clean\pdb_files\metz_110_FLT3\metz_110_FLT3.pdb,copied,259686
111,metz_111_ZAK,ZAK,Q9NYL2,5X5O,111 Q9NYL2_PDB_5X5O.ent,previous_auto_candidate,Datasets\structure_audit\structures_auto\Metz\ZAK\5X5O.pdb,Datasets\Virtual screening\Metz_170_GPCNDTA\metz_170_complete_filtered_remove_identity30_train_valid\HMRLBA_raw_style\metz_170_clean\pdb_files\metz_111_ZAK\metz_111_ZAK.pdb,copied,238383
112,metz_112_MARK2,MARK2,Q7KZI7 ,Q7KZI7_AF_v2,112 Q7KZI7_AF_v2.pdb,previous_auto_candidate,Datasets\structure_audit\structures_auto\Metz\MARK2\8TXY.pdb,Datasets\Virtual screening\Metz_170_GPCNDTA\metz_170_complete_filtered_remove_identity30_train_valid\HMRLBA_raw_style\metz_170_clean\pdb_files\metz_112_MARK2\metz_112_MARK2.pdb,copied,475470
113,metz_113_CSNK2A1,CSNK2A1,P68400 ,	6YZH,113 P68400_PDB_6YZH.ent,previous_auto_candidate,Datasets\structure_audit\structures_auto\Metz\CSNK2A1\3WAR.pdb,Datasets\Virtual screening\Metz_170_GPCNDTA\metz_170_complete_filtered_remove_identity30_train_valid\HMRLBA_raw_style\metz_170_clean\pdb_files\metz_113_CSNK2A1\metz_113_CSNK2A1.pdb,copied,603450
114,metz_114_HIPK4,HIPK4,Q8NE63,Q8NE63_AF_v2,114 Q8NE63_AF_v2.pdb,previous_auto_candidate,Datasets\structure_audit\structures_auto\Metz\HIPK4\AF-Q8NE63-F1-model_v6.pdb,Datasets\Virtual screening\Metz_170_GPCNDTA\metz_170_complete_filtered_remove_identity30_train_valid\HMRLBA_raw_style\metz_170_clean\pdb_files\metz_114_HIPK4\metz_114_HIPK4.pdb,copied,403622
115,metz_115_FGFR3,FGFR3,P22607,4K33,115 P22607_PDB_4K33.ent,previous_auto_candidate,Datasets\structure_audit\structures_auto\Metz\FGFR3\8UDU.pdb,Datasets\Virtual screening\Metz_170_GPCNDTA\metz_170_complete_filtered_remove_identity30_train_valid\HMRLBA_raw_style\metz_170_clean\pdb_files\metz_115_FGFR3\metz_115_FGFR3.pdb,copied,1178307
116,metz_116_AXL,AXL,P30530,P30530_AF_v2,116 P30530_AF_v2.pdb,previous_auto_candidate,Datasets\structure_audit\structures_auto\Metz\AXL\5VXZ.pdb,Datasets\Virtual screening\Metz_170_GPCNDTA\metz_170_complete_filtered_remove_identity30_train_valid\HMRLBA_raw_style\metz_170_clean\pdb_files\metz_116_AXL\metz_116_AXL.pdb,copied,1301913
117,metz_117_LIMK1,LIMK1,P53667 ,	7ATS,117 P53667_PDB_7ATS.ent,previous_auto_candidate,Datasets\structure_audit\structures_auto\Metz\LIMK1\3S95.pdb,Datasets\Virtual screening\Metz_170_GPCNDTA\metz_170_complete_filtered_remove_identity30_train_valid\HMRLBA_raw_style\metz_170_clean\pdb_files\metz_117_LIMK1\metz_117_LIMK1.pdb,copied,912789
118,metz_118_STK12,STK12,Q96GD4 ,Q96GD4_AF_v2,118 Q96GD4_AF_v2.pdb,previous_auto_candidate,Datasets\structure_audit\structures_auto\Metz\STK12\4AF3.pdb,Datasets\Virtual screening\Metz_170_GPCNDTA\metz_170_complete_filtered_remove_identity30_train_valid\HMRLBA_raw_style\metz_170_clean\pdb_files\metz_118_STK12\metz_118_STK12.pdb,copied,437886
119,metz_119_LRRK2,LRRK2,Q5S007,Q5S007_AF_v2,119 Q5S007_AF_v2.pdb,previous_auto_candidate,Datasets\structure_audit\structures_auto\Metz\LRRK2\5MY9.pdb,Datasets\Virtual screening\Metz_170_GPCNDTA\metz_170_complete_filtered_remove_identity30_train_valid\HMRLBA_raw_style\metz_170_clean\pdb_files\metz_119_LRRK2\metz_119_LRRK2.pdb,copied,240084
120,metz_120_MAP3K10,MAP3K10,Q02779 ,Q02779_AF_v2,120 Q02779_AF_v2.pdb,previous_auto_candidate,Datasets\structure_audit\structures_auto\Metz\MAP3K10\2RF0.pdb,Datasets\Virtual screening\Metz_170_GPCNDTA\metz_170_complete_filtered_remove_identity30_train_valid\HMRLBA_raw_style\metz_170_clean\pdb_files\metz_120_MAP3K10\metz_120_MAP3K10.pdb,copied,212706
121,metz_121_ROS1,ROS1,P08922,3ZBF,121 P08922_PDB_3ZBF.ent,previous_auto_candidate,Datasets\structure_audit\structures_auto\Metz\ROS1\7Z5X.pdb,Datasets\Virtual screening\Metz_170_GPCNDTA\metz_170_complete_filtered_remove_identity30_train_valid\HMRLBA_raw_style\metz_170_clean\pdb_files\metz_121_ROS1\metz_121_ROS1.pdb,copied,423873
122,metz_122_MAPKAPK2,MAPKAPK2,P49137,1NY3,122 P49137_PDB_1NY3.ent,previous_auto_candidate,Datasets\structure_audit\structures_auto\Metz\MAPKAPK2\2OKR.pdb,Datasets\Virtual screening\Metz_170_GPCNDTA\metz_170_complete_filtered_remove_identity30_train_valid\HMRLBA_raw_style\metz_170_clean\pdb_files\metz_122_MAPKAPK2\metz_122_MAPKAPK2.pdb,copied,532737
123,metz_123_SYK,SYK,P43405,4FL3,123 P43405_PDB_4FL3.ent,previous_auto_candidate,Datasets\structure_audit\structures_auto\Metz\SYK\4YJR.pdb,Datasets\Virtual screening\Metz_170_GPCNDTA\metz_170_complete_filtered_remove_identity30_train_valid\HMRLBA_raw_style\metz_170_clean\pdb_files\metz_123_SYK\metz_123_SYK.pdb,copied,788778
124,metz_124_CDK5,CDK5,Q00535,Q00535_AF_v2,124 Q00535_AF_v2.pdb,previous_auto_candidate,Datasets\structure_audit\structures_auto\Metz\CDK5\4AU8.pdb,Datasets\Virtual screening\Metz_170_GPCNDTA\metz_170_complete_filtered_remove_identity30_train_valid\HMRLBA_raw_style\metz_170_clean\pdb_files\metz_124_CDK5\metz_124_CDK5.pdb,copied,457164
125,metz_125_STK17A,STK17A,Q9UEE5,Q9UEE5_AF_v2,125 Q9UEE5_AF_v2.pdb,previous_auto_candidate,Datasets\structure_audit\structures_auto\Metz\STK17A\7QUE.pdb,Datasets\Virtual screening\Metz_170_GPCNDTA\metz_170_complete_filtered_remove_identity30_train_valid\HMRLBA_raw_style\metz_170_clean\pdb_files\metz_125_STK17A\metz_125_STK17A.pdb,copied,666630
126,metz_126_MAPK14,MAPK14,Q16539,6SFI,126 Q16539_PDB_6SFI.ent,previous_auto_candidate,Datasets\structure_audit\structures_auto\Metz\MAPK14\2FST.pdb,Datasets\Virtual screening\Metz_170_GPCNDTA\metz_170_complete_filtered_remove_identity30_train_valid\HMRLBA_raw_style\metz_170_clean\pdb_files\metz_126_MAPK14\metz_126_MAPK14.pdb,copied,547317
127,metz_127_TYRO3,TYRO3,Q06418,Q06418_AF_v2,127 Q06418_AF_v2.pdb,previous_auto_candidate,Datasets\structure_audit\structures_auto\Metz\TYRO3\1RHF.pdb,Datasets\Virtual screening\Metz_170_GPCNDTA\metz_170_complete_filtered_remove_identity30_train_valid\HMRLBA_raw_style\metz_170_clean\pdb_files\metz_127_TYRO3\metz_127_TYRO3.pdb,copied,297918
128,metz_128_PTK2,PTK2,Q05397,Q05397_AF_v2,128 Q05397_AF_v2.pdb,previous_auto_candidate,Datasets\structure_audit\structures_auto\Metz\PTK2\6YOJ.pdb,Datasets\Virtual screening\Metz_170_GPCNDTA\metz_170_complete_filtered_remove_identity30_train_valid\HMRLBA_raw_style\metz_170_clean\pdb_files\metz_128_PTK2\metz_128_PTK2.pdb,copied,425979
129,metz_129_ABL1,ABL1,P00519,5MO4,129 P00519_PDB_5MO4.ent,previous_auto_candidate,Datasets\structure_audit\structures_auto\Metz\ABL1\5OAZ.pdb,Datasets\Virtual screening\Metz_170_GPCNDTA\metz_170_complete_filtered_remove_identity30_train_valid\HMRLBA_raw_style\metz_170_clean\pdb_files\metz_129_ABL1\metz_129_ABL1.pdb,copied,266652
130,metz_130_PDGFRB,PDGFRB,P09619,P09619_AF_v2,130 P09619_AF_v2.pdb,previous_auto_candidate,Datasets\structure_audit\structures_auto\Metz\PDGFRB\1SHA.pdb,Datasets\Virtual screening\Metz_170_GPCNDTA\metz_170_complete_filtered_remove_identity30_train_valid\HMRLBA_raw_style\metz_170_clean\pdb_files\metz_130_PDGFRB\metz_130_PDGFRB.pdb,copied,105948
131,metz_131_RET,RET,P07949,4CKJ,131 P07949_PDB_4CKJ.ent,previous_auto_candidate,Datasets\structure_audit\structures_auto\Metz\RET\7DUA.pdb,Datasets\Virtual screening\Metz_170_GPCNDTA\metz_170_complete_filtered_remove_identity30_train_valid\HMRLBA_raw_style\metz_170_clean\pdb_files\metz_131_RET\metz_131_RET.pdb,copied,645651
132,metz_132_ERBB2,ERBB2,P04626,3BE1,132 P04626_PDB_3BE1.ent,previous_auto_candidate,Datasets\structure_audit\structures_auto\Metz\ERBB2\1MFG.pdb,Datasets\Virtual screening\Metz_170_GPCNDTA\metz_170_complete_filtered_remove_identity30_train_valid\HMRLBA_raw_style\metz_170_clean\pdb_files\metz_132_ERBB2\metz_132_ERBB2.pdb,copied,182574
133,metz_133_SRC,SRC,P12931,	2H8H,133 P12931_PDB_2H8H.ent,previous_auto_candidate,Datasets\structure_audit\structures_auto\Metz\SRC\9OFX.pdb,Datasets\Virtual screening\Metz_170_GPCNDTA\metz_170_complete_filtered_remove_identity30_train_valid\HMRLBA_raw_style\metz_170_clean\pdb_files\metz_133_SRC\metz_133_SRC.pdb,copied,366687
134,metz_134_EPHA2,EPHA2,P29317,	2X10,134 P29317_PDB_2X10.ent,previous_auto_candidate,Datasets\structure_audit\structures_auto\Metz\EPHA2\6Q7D.pdb,Datasets\Virtual screening\Metz_170_GPCNDTA\metz_170_complete_filtered_remove_identity30_train_valid\HMRLBA_raw_style\metz_170_clean\pdb_files\metz_134_EPHA2\metz_134_EPHA2.pdb,copied,461457
135,metz_135_MET,MET,P08581,5UAB,135 P08581_PDB_5UAB.ent,previous_auto_candidate,Datasets\structure_audit\structures_auto\Metz\MET\4R1V.pdb,Datasets\Virtual screening\Metz_170_GPCNDTA\metz_170_complete_filtered_remove_identity30_train_valid\HMRLBA_raw_style\metz_170_clean\pdb_files\metz_135_MET\metz_135_MET.pdb,copied,489159
136,metz_136_ACVR1,ACVR1,Q04771,	6I1S,136 Q04771_PDB_6I1S.ent,previous_auto_candidate,Datasets\structure_audit\structures_auto\Metz\ACVR1\6SRH.pdb,Datasets\Virtual screening\Metz_170_GPCNDTA\metz_170_complete_filtered_remove_identity30_train_valid\HMRLBA_raw_style\metz_170_clean\pdb_files\metz_136_ACVR1\metz_136_ACVR1.pdb,copied,1474200
137,metz_137_KIT,KIT,P10721,4HVS,137 P10721_PDB_4HVS.ent,previous_auto_candidate,Datasets\structure_audit\structures_auto\Metz\KIT\2VIF.pdb,Datasets\Virtual screening\Metz_170_GPCNDTA\metz_170_complete_filtered_remove_identity30_train_valid\HMRLBA_raw_style\metz_170_clean\pdb_files\metz_137_KIT\metz_137_KIT.pdb,copied,250614
138,metz_138_CSNK1G1,CSNK1G1,Q9HCP0,	2CMW,138 Q9HCP0_PDB_2CMV.ent,previous_auto_candidate,Datasets\structure_audit\structures_auto\Metz\CSNK1G1\2CMW.pdb,Datasets\Virtual screening\Metz_170_GPCNDTA\metz_170_complete_filtered_remove_identity30_train_valid\HMRLBA_raw_style\metz_170_clean\pdb_files\metz_138_CSNK1G1\metz_138_CSNK1G1.pdb,copied,279288
139,metz_139_ITK,ITK,Q08881 ,4HCU,139 Q08881_PDB_4HCU.ent,previous_auto_candidate,Datasets\structure_audit\structures_auto\Metz\ITK\4HCU.pdb,Datasets\Virtual screening\Metz_170_GPCNDTA\metz_170_complete_filtered_remove_identity30_train_valid\HMRLBA_raw_style\metz_170_clean\pdb_files\metz_139_ITK\metz_139_ITK.pdb,copied,397467
140,metz_140_NEK4,NEK4,P51957,P51957_AF_v2,140 P51957_AF_v2.pdb,previous_auto_candidate,Datasets\structure_audit\structures_auto\Metz\NEK4\AF-P51957-F1-model_v6.pdb,Datasets\Virtual screening\Metz_170_GPCNDTA\metz_170_complete_filtered_remove_identity30_train_valid\HMRLBA_raw_style\metz_170_clean\pdb_files\metz_140_NEK4\metz_140_NEK4.pdb,copied,546749
141,metz_141_MATK,MATK,P42679 ,P42679_AF_v2,141 P42679_AF_v2.pdb,previous_auto_candidate,Datasets\structure_audit\structures_auto\Metz\MATK\3US4.pdb,Datasets\Virtual screening\Metz_170_GPCNDTA\metz_170_complete_filtered_remove_identity30_train_valid\HMRLBA_raw_style\metz_170_clean\pdb_files\metz_141_MATK\metz_141_MATK.pdb,copied,176013
142,metz_142_PLK4,PLK4,O00444,O00444_AF_v2,142 O00444_AF_v2.pdb,previous_auto_candidate,Datasets\structure_audit\structures_auto\Metz\PLK4\3COK.pdb,Datasets\Virtual screening\Metz_170_GPCNDTA\metz_170_complete_filtered_remove_identity30_train_valid\HMRLBA_raw_style\metz_170_clean\pdb_files\metz_142_PLK4\metz_142_PLK4.pdb,copied,369927
143,metz_143_PLK3,PLK3,Q9H4B4,4B6L,143 Q9H4B4_PDB_4B6L.ent,previous_auto_candidate,Datasets\structure_audit\structures_auto\Metz\PLK3\4B6L.pdb,Datasets\Virtual screening\Metz_170_GPCNDTA\metz_170_complete_filtered_remove_identity30_train_valid\HMRLBA_raw_style\metz_170_clean\pdb_files\metz_143_PLK3\metz_143_PLK3.pdb,copied,423144
144,metz_144_CAMK1,CAMK1,Q14012 ,	4FGB,144 Q14012_PDB_4FGB.ent,previous_auto_candidate,Datasets\structure_audit\structures_auto\Metz\CAMK1\4FG8.pdb,Datasets\Virtual screening\Metz_170_GPCNDTA\metz_170_complete_filtered_remove_identity30_train_valid\HMRLBA_raw_style\metz_170_clean\pdb_files\metz_144_CAMK1\metz_144_CAMK1.pdb,copied,762534
145,metz_145_RPS6KA4,RPS6KA4,O75676 ,O75676_AF_v2,145 O75676_AF_v2.pdb,previous_auto_candidate,Datasets\structure_audit\structures_auto\Metz\RPS6KA4\AF-O75676-F1-model_v6.pdb,Datasets\Virtual screening\Metz_170_GPCNDTA\metz_170_complete_filtered_remove_identity30_train_valid\HMRLBA_raw_style\metz_170_clean\pdb_files\metz_145_RPS6KA4\metz_145_RPS6KA4.pdb,copied,497501
146,metz_146_SRMS,SRMS,Q9H3Y6,Q9H3Y6_AF_v2,146 Q9H3Y6_AF_v2.pdb,previous_auto_candidate,Datasets\structure_audit\structures_auto\Metz\SRMS\AF-Q9H3Y6-F1-model_v6.pdb,Datasets\Virtual screening\Metz_170_GPCNDTA\metz_170_complete_filtered_remove_identity30_train_valid\HMRLBA_raw_style\metz_170_clean\pdb_files\metz_146_SRMS\metz_146_SRMS.pdb,copied,318248
147,metz_147_PTK6,PTK6,Q13882 ,6CZ4,147 Q13882_PDB_6CZ4.ent,previous_auto_candidate,Datasets\structure_audit\structures_auto\Metz\PTK6\6CZ4.pdb,Datasets\Virtual screening\Metz_170_GPCNDTA\metz_170_complete_filtered_remove_identity30_train_valid\HMRLBA_raw_style\metz_170_clean\pdb_files\metz_147_PTK6\metz_147_PTK6.pdb,copied,221697
148,metz_148_IKBKE,IKBKE,Q14164 ,Q14164_AF_v2,148 Q14164_AF_v2.pdb,previous_auto_candidate,Datasets\structure_audit\structures_auto\Metz\IKBKE\AF-Q14164-F1-model_v6.pdb,Datasets\Virtual screening\Metz_170_GPCNDTA\metz_170_complete_filtered_remove_identity30_train_valid\HMRLBA_raw_style\metz_170_clean\pdb_files\metz_148_IKBKE\metz_148_IKBKE.pdb,copied,466964
149,metz_149_PTK2B,PTK2B,Q14289 ,3CC6,149 Q14289_PDB_3CC6.ent,previous_auto_candidate,Datasets\structure_audit\structures_auto\Metz\PTK2B\3CC6.pdb,Datasets\Virtual screening\Metz_170_GPCNDTA\metz_170_complete_filtered_remove_identity30_train_valid\HMRLBA_raw_style\metz_170_clean\pdb_files\metz_149_PTK2B\metz_149_PTK2B.pdb,copied,245187
150,metz_150_IRAK1,IRAK1,P51617,P51617_AF_v2,150 P51617_AF_v2.pdb,previous_auto_candidate,Datasets\structure_audit\structures_auto\Metz\IRAK1\6BFN.pdb,Datasets\Virtual screening\Metz_170_GPCNDTA\metz_170_complete_filtered_remove_identity30_train_valid\HMRLBA_raw_style\metz_170_clean\pdb_files\metz_150_IRAK1\metz_150_IRAK1.pdb,copied,844101
151,metz_151_MAPK13,MAPK13,O15264 ,	4YNO,151 O15264_PDB_4YNO.ent,previous_auto_candidate,Datasets\structure_audit\structures_auto\Metz\MAPK13\8X23.pdb,Datasets\Virtual screening\Metz_170_GPCNDTA\metz_170_complete_filtered_remove_identity30_train_valid\HMRLBA_raw_style\metz_170_clean\pdb_files\metz_151_MAPK13\metz_151_MAPK13.pdb,copied,577125
152,metz_152_PASK,PASK,Q96RG2 ,Q96RG2_AF_v2,152 Q96RG2_AF_v2.pdb,previous_auto_candidate,Datasets\structure_audit\structures_auto\Metz\PASK\7O86.pdb,Datasets\Virtual screening\Metz_170_GPCNDTA\metz_170_complete_filtered_remove_identity30_train_valid\HMRLBA_raw_style\metz_170_clean\pdb_files\metz_152_PASK\metz_152_PASK.pdb,copied,194481
153,metz_153_IKBKB,IKBKB,O14920,O14920_AF_v2,153 O14920_AF_v2.pdb,previous_auto_candidate,Datasets\structure_audit\structures_auto\Metz\IKBKB\3BRV.pdb,Datasets\Virtual screening\Metz_170_GPCNDTA\metz_170_complete_filtered_remove_identity30_train_valid\HMRLBA_raw_style\metz_170_clean\pdb_files\metz_153_IKBKB\metz_153_IKBKB.pdb,copied,200718
154,metz_154_STK33,STK33,Q9BYT3 ,Q9BYT3_AF_v2,154 Q9BYT3_AF_v2.pdb,previous_auto_candidate,Datasets\structure_audit\structures_auto\Metz\STK33\AF-Q9BYT3-F1-model_v6.pdb,Datasets\Virtual screening\Metz_170_GPCNDTA\metz_170_complete_filtered_remove_identity30_train_valid\HMRLBA_raw_style\metz_170_clean\pdb_files\metz_154_STK33\metz_154_STK33.pdb,copied,335420
155,metz_155_ACK1,ACK1,Q07912 ,Q07912_AF_v2,155 Q07912_AF_v2.pdb,previous_auto_candidate,Datasets\structure_audit\structures_auto\Metz\ACK1\4HZR.pdb,Datasets\Virtual screening\Metz_170_GPCNDTA\metz_170_complete_filtered_remove_identity30_train_valid\HMRLBA_raw_style\metz_170_clean\pdb_files\metz_155_ACK1\metz_155_ACK1.pdb,copied,426627
156,metz_156_CDC2L6,CDC2L6,Q9BWU1 ,Q9BWU1_AF_v2,156 Q9BWU1_AF_v2.pdb,previous_auto_candidate,Datasets\structure_audit\structures_auto\Metz\CDC2L6\AF-Q9BWU1-F1-model_v6.pdb,Datasets\Virtual screening\Metz_170_GPCNDTA\metz_170_complete_filtered_remove_identity30_train_valid\HMRLBA_raw_style\metz_170_clean\pdb_files\metz_156_CDC2L6\metz_156_CDC2L6.pdb,copied,331613
157,metz_157_AKT2,AKT2,P31751 ,1O6L,157 P31751_PDB_1O6L.ent,previous_auto_candidate,Datasets\structure_audit\structures_auto\Metz\AKT2\1O6L.pdb,Datasets\Virtual screening\Metz_170_GPCNDTA\metz_170_complete_filtered_remove_identity30_train_valid\HMRLBA_raw_style\metz_170_clean\pdb_files\metz_157_AKT2\metz_157_AKT2.pdb,copied,296622
158,metz_158_MAPKAPK5,MAPKAPK5,Q8IW41 ,Q8IW41_AF_v2,158 Q8IW41_AF_v2.pdb,previous_auto_candidate,Datasets\structure_audit\structures_auto\Metz\MAPKAPK5\AF-Q8IW41-F1-model_v6.pdb,Datasets\Virtual screening\Metz_170_GPCNDTA\metz_170_complete_filtered_remove_identity30_train_valid\HMRLBA_raw_style\metz_170_clean\pdb_files\metz_158_MAPKAPK5\metz_158_MAPKAPK5.pdb,copied,315170
159,metz_159_NLK,NLK,Q9UBE8 ,Q9UBE8_AF_v2,159 Q9UBE8_AF_v2.pdb,previous_auto_candidate,Datasets\structure_audit\structures_auto\Metz\NLK\AF-Q9UBE8-F1-model_v6.pdb,Datasets\Virtual screening\Metz_170_GPCNDTA\metz_170_complete_filtered_remove_identity30_train_valid\HMRLBA_raw_style\metz_170_clean\pdb_files\metz_159_NLK\metz_159_NLK.pdb,copied,339632
160,metz_160_WEE1,WEE1,P30291,	1X8B,160 P30291_PDB_1X8B.ent,previous_auto_candidate,Datasets\structure_audit\structures_auto\Metz\WEE1\8BJU.pdb,Datasets\Virtual screening\Metz_170_GPCNDTA\metz_170_complete_filtered_remove_identity30_train_valid\HMRLBA_raw_style\metz_170_clean\pdb_files\metz_160_WEE1\metz_160_WEE1.pdb,copied,391554
161,metz_161_AKT1,AKT1,P31749 ,7NH5,161 P31749_PDB_7NH5.ent,previous_auto_candidate,Datasets\structure_audit\structures_auto\Metz\AKT1\1UNQ.pdb,Datasets\Virtual screening\Metz_170_GPCNDTA\metz_170_complete_filtered_remove_identity30_train_valid\HMRLBA_raw_style\metz_170_clean\pdb_files\metz_161_AKT1\metz_161_AKT1.pdb,copied,227286
162,metz_162_PIM3,PIM3,Q86V86 ,Q86V86_AF_v2,162 Q86V86_AF_v2.pdb,previous_auto_candidate,Datasets\structure_audit\structures_auto\Metz\PIM3\AF-Q86V86-F1-model_v6.pdb,Datasets\Virtual screening\Metz_170_GPCNDTA\metz_170_complete_filtered_remove_identity30_train_valid\HMRLBA_raw_style\metz_170_clean\pdb_files\metz_162_PIM3\metz_162_PIM3.pdb,copied,210923
163,metz_163_EEF2K,EEF2K,O00418 ,O00418_AF_v2,163 O00418_AF_v2.pdb,previous_auto_candidate,Datasets\structure_audit\structures_auto\Metz\EEF2K\8GM4.pdb,Datasets\Virtual screening\Metz_170_GPCNDTA\metz_170_complete_filtered_remove_identity30_train_valid\HMRLBA_raw_style\metz_170_clean\pdb_files\metz_163_EEF2K\metz_163_EEF2K.pdb,copied,435942
164,metz_164_CHUK,CHUK,O15111 ,O15111_AF_v2,164 O15111_AF_v2.pdb,previous_auto_candidate,Datasets\structure_audit\structures_auto\Metz\CHUK\3BRT.pdb,Datasets\Virtual screening\Metz_170_GPCNDTA\metz_170_complete_filtered_remove_identity30_train_valid\HMRLBA_raw_style\metz_170_clean\pdb_files\metz_164_CHUK\metz_164_CHUK.pdb,copied,179091
165,metz_165_MAPK10,MAPK10,P53779 ,7KSI,165 P53779_PDB_7KSI.ent,previous_auto_candidate,Datasets\structure_audit\structures_auto\Metz\MAPK10\3OY1.pdb,Datasets\Virtual screening\Metz_170_GPCNDTA\metz_170_complete_filtered_remove_identity30_train_valid\HMRLBA_raw_style\metz_170_clean\pdb_files\metz_165_MAPK10\metz_165_MAPK10.pdb,copied,273213
166,metz_166_STK22B,STK22B,Q96PF2 ,Q96PF2_AF_v2,166 Q96PF2_AF_v2.pdb,previous_auto_candidate,Datasets\structure_audit\structures_auto\Metz\STK22B\AF-Q96PF2-F1-model_v6.pdb,Datasets\Virtual screening\Metz_170_GPCNDTA\metz_170_complete_filtered_remove_identity30_train_valid\HMRLBA_raw_style\metz_170_clean\pdb_files\metz_166_STK22B\metz_166_STK22B.pdb,copied,238949
167,metz_167_HCK,HCK,P08631 ,5H0B,167 P08631_PDB_5H0B.ent,previous_auto_candidate,Datasets\structure_audit\structures_auto\Metz\HCK\5H0B.pdb,Datasets\Virtual screening\Metz_170_GPCNDTA\metz_170_complete_filtered_remove_identity30_train_valid\HMRLBA_raw_style\metz_170_clean\pdb_files\metz_167_HCK\metz_167_HCK.pdb,copied,368793
168,metz_168_MARK4,MARK4,Q96L34 ,	5ES1,168 Q96L34_PDB_5ES1.ent,previous_auto_candidate,Datasets\structure_audit\structures_auto\Metz\MARK4\5ES1.pdb,Datasets\Virtual screening\Metz_170_GPCNDTA\metz_170_complete_filtered_remove_identity30_train_valid\HMRLBA_raw_style\metz_170_clean\pdb_files\metz_168_MARK4\metz_168_MARK4.pdb,copied,226881
169,metz_169_SIK2,SIK2,Q9H0K1 ,Q9H0K1_AF_v2,169 Q9H0K1_AF_v2.pdb,previous_auto_candidate,Datasets\structure_audit\structures_auto\Metz\SIK2\AF-Q9H0K1-F1-model_v6.pdb,Datasets\Virtual screening\Metz_170_GPCNDTA\metz_170_complete_filtered_remove_identity30_train_valid\HMRLBA_raw_style\metz_170_clean\pdb_files\metz_169_SIK2\metz_169_SIK2.pdb,copied,601181
170,metz_170_CAMKK2,CAMKK2,Q96RR4 ,5UYJ,170 Q96RR4_PDB_5UYJ.ent,previous_auto_candidate,Datasets\structure_audit\structures_auto\Metz\CAMKK2\6Y3O.pdb,Datasets\Virtual screening\Metz_170_GPCNDTA\metz_170_complete_filtered_remove_identity30_train_valid\HMRLBA_raw_style\metz_170_clean\pdb_files\metz_170_CAMKK2\metz_170_CAMKK2.pdb,copied,229635
